BUSINESS_NAME,BUSINESS_ID,EXPERIENCE_KEY
"VMware, Inc.",3202149,internal---vmware-tanzu-answers-experience
iHeart Media,2095611,iheart-business-solutions
Finish Line,1107935,Finish-Line-Answers-Experience
Belgotex Floorcoverings (Pty) Ltd,3800743,answers
World Insurance Associates,3415854,world-insurance-associates-guided-search-answers
Bento Box,3338215,answers_faqs_template
AT&T Business,3382722,att-business-answers
Entertainment Magpie Limited,3748879,answers-help-site
Yext,919871,ideas-board
Yext,919871,agent-desktop-v2
Dime Community Bank,2289059,dime_contact_us_answers_experience
Fidelity International,3811681,fidelity-investing-with-an-adviser-ac
State Department,3163171,state_department_config
Lloyds Banking Group,3165603,bank-of-scotland-answers-business
Asda Stores Limited,2479739,rewards-answers
Optum,2411393,optum_answers
"Snowflake, Inc.",3691113,site-search
Lloyds Banking Group,3165603,lloyds-answers
Homebase,3072268,homebase-help-answers
"Lionbridge Technologies, Inc.",3389671,answers-zh-hant
Morgan Stanley,654952,msaw-answers
Morgan Stanley,654952,finder
Asda Stores Limited,2479739,grocery-answers
Ring,3751680,ring-support-answers
Verizon Wireless,700687,verizon-pages-for-answers
Asda Stores Limited,2479739,george-answers
Avelo Airlines,3815725,wordpress-site-search
Fevo,3688788,fevo-answers
State of Alabama Government,3167585,al_gov_covid19
Azets Holdings Ltd,3318375,blicks-answrer-search
Kia Motors America,3287701,kiaaltfuel
Memorial Health System,3108099,answers
DotSquares (direct account),3737452,ds-answer-search
Asda Stores Limited,2479739,asda-answers
"VMware, Inc.",3202149,vmware-tanzu-answers-experience
CommonSpirit Health,1415159,commonspirithealthanswerstemplate
Virtusa Corporation,3200822,virtusa_answers
Neurosurgeons of New Jersey,3190528,nonj_answers_experience
"Legal & General America, Inc.",3438604,answers-lga-advisors
Lloyds Banking Group,3165603,halifax-answers
"Venbrook Insurance Services, LLC",3514745,venbrook-answers
The Universal Church Inc,3424739,universal-church-answers-es
Deep Blue Restaurants,3476067,deep-blue-answer-search
BBVA Compass,1371116,bbvaconfig
TD Bank,930613,answers-faqs
NJ Government,3155105,info-hub-answers
Pegasystems Inc,3731231,acquia-answers
Cox Communications,866292,cox_residential_answers
Regional Management,1499906,regional_finance_answers
Cedars-Sinai Medical Center,3586571,cedars-sinai-answers-articles
NJ Government,3155105,nj_gov_covid19
Innocean Worldwide Europe GmbH,3500609,genesis-answers-en
Smart Financial Credit Union,3690004,smart-financial-credit-union-answers
PageFreezer,3415659,answers-starter
Azets Holdings Ltd,3318375,azets-answer-search
Yext,919871,yext_hh_event_directory
J Sainsbury PLC,3141402,sainsburys-answers
shipsmart,309563,shipsmart-answers
Campbell Soup Company,2529147,cook_with_campbells_answers
Revlon Consumer Products Corporation,3558346,answers-mexico
Constellation Brands Inc.,3466296,rmw-answers
Junk King Franchise Systems LLC,3136590,junk_king
"Strategic Education, Inc.",2155609,answers-capella
Yext,919871,yextanswersconfig
Houston First Corporation,3723776,houston-answers
CityMD,1960460,site-search-demo
"Snowflake, Inc.",3691113,summit-2022-search
"Chick-fil-A, Inc.",2192285,cfa-faq-experience
"Mirabito Holdings, Inc.",2078262,mirabito-search
"Beacon Health System, Inc.",1962770,beacon_health_answers
GoDaddy,3817085,godaddy-search
Direct Line Insurance Group PLC,3439380,answers-directline
Constellation Brands Inc.,3466296,answers
FirstBank,2290529,new-firstbank-answers
Lakeland Bank,3070492,lakelandbank
The Commerce Insurance Company,3170166,mapfre-answers
Synovus Bank,510445,synovus-answers
"Harland Clarke for Centerstate Bank of Florida, National Association",2471993,centerstate_answers
"Samsung SDS America, Inc.",3470691,samsung-support-answers
SalonCentric,3622215,answers---faqs
"Box, Inc.",3807576,answers-help-site
Optum,2411393,optum_telemed_answers
Citizens Telecom Services Company L.L.C. d/b/a Frontier Communications,3557194,frontier-communications-answers
Guaranty Bank & Trust,2888249,guarantybank
Campbell Soup Company,2529147,campbellsanswers
The Universal Church Inc,3424739,universal-church-answers
Penn Mutual,3383094,penn_mutual
Diageo Great Britain Ltd,3379122,answers
TDECU,711069,answers_tdecu
Revlon Consumer Products Corporation,3558346,answers
"Innovative Hearing Technologies, LLC DBA Audiology Services",3531103,answers-starter
Focus Brands,3464445,mcalisters-answers
Organic Krush,3223127,OrganicKrushAnswers
Great Clips,643919,great-clips-search-experience
Cox Communications,866292,cox_business_answers
Yext,919871,yext-help-hitchhikers
Altice USA,483210,optimum-answers
"Lionbridge Technologies, Inc.",3389671,answers-zh-hans
"CMG Strategy Co., LLC (ShopHouse)",762293,chipotle-location-page-search
Tommy's Express,3138077,tommys_express_answers
Nationwide Building Society,2021999,nationwide-uk-answers
Telefonica (O2) UK Ltd,3799191,consumer-answers
"Yamato Transport Co.,Ltd.",2012347,ir-answers-en
Springfield Clinic LLP,2041976,springfield_clinic_answers_experience
Sky UK Limited,3597170,help-articles
Canon Solutions America,1018302,canon-answers
Toyota Financial,3837857,lexus
Slack,3336279,community-forum
"Conyers, Inc.",3646121,answers
T2 Financial LLC dba Revolution Mortgage,3317709,answers
Dime Community Bank,2289059,dime
Akumin,3318660,answers
Nobu Restaurants,3336246,nobu_restaurants_answers
Hutchison 3g UK Ltd,1970093,threeconfigbusiness
PGA Tour,3407465,answers
Northwest Bank,3708477,northwest-bank-answers
Ent Credit Union,1044523,ent-cu-locator
Ridgewood Savings Bank,2192568,ridgewood_savings
"Zuffa, LLC",3668711,answers-en
Revlon Consumer Products Corporation,3558346,answers-canada
Toyota Financial,3837857,toyota
Azzurri Group,2384199,answers_zizzi
"Exponent, Inc.",3774308,exponent-search
Optum,2411393,optum-aep-answers
World Insurance Associates,3415854,world-insurance-associates-answers
Studs,3731394,studs-locations-search
Premier Bank,2175720,answers
Aspen Dental,456800,aspen_dental_answers
"Investors Bancorp, Inc.",3210919,investors_bancorp_answers
CityMD,1960460,answers
Select Comfort Corporation,486231,sleepnumberanswers
The Stamford Hospital,2464968,stamford-find-a-doctor
"Anheuser-Busch Companies, LLC",3406324,answers-starter
"ThedaCare, Inc.",1673669,thedaCare_answers_experience
World Health Organization (WHO),3176091,who-answers
McKesson,2012431,mckesson-answers
"Thryv, Inc (ENT)",3622046,answers-help-site
Conway Regional Health System,3320631,answers
"Greenhouse Software, Inc.",3621961,answers---us
Teachers Credit Union,1838567,answers
Optum,2411393,optum_socal_plu
Focus Brands,3464445,carvel-answers
Personio GmbH,3763506,answers-help-site
Foresight Mental Health,3659450,answers
Cedars-Sinai Medical Center,3586571,cedars-sinai-answers-programs
Sikich,3567735,answers
Diageo Great Britain Ltd,3379122,answers---us
The Krystal Company,921690,krystal-answers-experience
GoDaddy,3817085,godaddy-search-v2
Focus Brands,3464445,jamba-answers
"CASIO COMPUTER CO., LTD.",3402951,gshock-answers-india
Focus Brands,3464445,moes-answers
"WW International, Inc.",3342155,ww_answers_anz
The Stamford Hospital,2464968,stamford-fad
"CORA Health Services, Inc.",2035962,cora_answers
IHeartMedia - (Answers/Pages),3481578,iheartmedia-answers
Aspen Dental,456800,motto-aligners-fao
Peugeot Motor Company PLC,3707266,peugeot
Philip Morris International Management SA,2072617,es-en-pmi-answers
Dime Community Bank,2289059,dime-zelle_answers_experience
Teachers Credit Union,1838567,olb-faqs-answers
F.N.B. Corporation,3558388,fnb-answers
FOODMatch,3660948,answers
Focus Brands,3464445,schlotzskys-answers
"WW International, Inc.",3342155,ww_answers
Yext,919871,investors
Datawords SASU,3541934,answers
Campbell Soup Company,2529147,swanson_answers
Interim HealthCare,650729,interimhealthcare
Suncoast Credit Union,3789032,suncoast-credit-union-answers
"CASIO COMPUTER CO., LTD.",3402951,casio-answers-singapore
Fidelity International,3811681,fidelity-personal-investing-pi
First Financial Bank,1828137,firstfinancial-answers
The UPS Store,1410208,answers
Kolache Factory,3039709,kolachefactoryanswerstemplate
The Universal Church Inc,3424739,universal-church-answers-pt
Campbell Soup Company,2529147,emerald-nuts-answers
AMResorts (#2),3622176,amresorts-answers
Graeter's Ice Cream,2145649,answers-starter
"Long John Silver's, LLC",3214436,long-john-silvers-search
Hutchison 3g UK Ltd,1970093,threeconfig
Marston's PLC,1850815,answers
"WW International, Inc.",3342155,ww_answers_uk
L'Oreal PPD,3751873,kerastase-locator
Amoco Federal Credit Union,3107998,AMOCOanswers
"Wendy's International, LLC",1907761,wendys_answers_experience
Florida Orthopaedic Institute,1823828,answers
Cottage Inn Pizza,3091908,cottage_inn_answers_experience
Diageo Great Britain Ltd,3379122,answers---ca
Akron Children's Hospital,2336304,akron_childrens_answers_full
BayPort Credit Union,2091627,bayportcu
"Parkview Health System, Inc.",3613463,parkview-answers
Woworks,2167019,garbanzo
Firstrust Corporation,3328416,answers
Outreach Corporation,3622208,answers-help-site
LKQ Corporation,711394,lkqanswers
"Auditboard, Inc.",3662146,auditboard
Lloyds Banking Group,3165603,bank-of-scotland-answers
"Cherry Creek Mortgage Co., Inc.",1368355,cherrycreek
"Legal & General America, Inc.",3438604,answers-starter
Altice USA,483210,kdb-answers
Yext,919871,yext_partners_answers
"Romeo's Pizza Franchise, LLC",1852330,romeosanswersconfig
"CASIO COMPUTER CO., LTD.",3402951,casio-answers-india
"Parkmobile, LLC",3007656,answers-starter
"Academy Bank, N.A.",2950624,answers
Focus Brands,3464445,auntie-annes-answers
"CASIO COMPUTER CO., LTD.",3402951,gshock-answers-singapore
World Insurance Associates,3415854,world-insurance-associates-wholesaler-search
Comcast,556471,comcast_answers_demo
Focus Brands,3464445,answers
Morgan Properties,2303506,morgan-properties-answers
L'Oreal PPD,3751873,pureology-locator
Kaseya,3573245,answers-help-site
Cricket Wireless,3698978,cricket-wireless-answers
Achievement First,3560118,answers-help-site
SAFE Credit Union,2114863,safecu
"CASIO COMPUTER CO., LTD.",3402951,gshock-answers-malaysia
Hughes Federal Credit Union,2996077,answers
Citizens Bank,1049031,citizensconfig
Dabella Exteriors LLC,3329297,answers
Campbell Soup Company,2529147,campbells_canada_answers
1st Security Bank,3345413,answers
Campbell Soup Company,2529147,prego_answers
CrossCountry Mortgage,1970244,ccm_answers_external
Hutchison 3g UK Ltd,1970093,threeconfigapp
Extraco Banks,2468489,extraco_banks_answers
"WW International, Inc.",3342155,ww-answers-ca
Virtusa Corporation,3200822,virtusa-careers
Kia Motors America,3287701,answers
Slack,3336279,slack-answers-uk
"American Eagle Outfitters, Inc",583452,answers_starter
The Mount Sinai Hospital,604061,mtsinai_full_config
"Paducah Bank Shares, Inc.",3312960,paducah_answers
Family Health West,3108071,fhw-answers
HCA International Limited trading as HCA,3806694,hca-search
Barnum Financial,3554363,barnum-answers
L'Oreal PPD,3751873,haircom-locator
Oaklawn Hospital,2422603,oaklawnHospitalAnswers
"AutoZone Parts, Inc.",762154,AutoZone_Answers_Experience
"DentaQuest Care Group Management, LLC",2530489,advantagedentalanswers
Summit Broadband,3588544,answers-help-site
"Academy Bank, N.A.",2950624,armed-forces-answers
Interim HealthCare,650729,interim_healthcare_jobs
VectorCare,3701005,answers-help-site
Skyline Chili,1905467,answers
Liberty Mutual Insurance Company,2408776,comparion-answers
Ridgewood Savings Bank,2192568,ridgewood-experience-qa
"Diamond Drugs, Inc.",3410987,diamond_pharmacy
Reverse Mortgage Funding LLC,2165949,rmf-answers
Amerant Bank,2008293,amerant-bank-answers
Associa Homeowner Association,3578825,associa-hoa-answers
"CASIO COMPUTER CO., LTD.",3402951,casio-answers-malaysia
Physicians Mutual Insurance Company,2188294,physiciansmutual-answers
"Power Integrations, Inc.",3718149,power-integrations-search
"CASIO COMPUTER CO., LTD.",3402951,casio-answers-us
Yext,919871,yext_answers_en_gb
Kind Lending,3440027,3440027
Ameris Bank,3371543,answers
The Parking Spot,1965062,answers-help-site
Tri City National Bank,3072650,answers
Rogue Credit Union,3558277,answers
Lulu,3621850,answers-help-site
"CASIO COMPUTER CO., LTD.",3402951,gshock-answers-us
Woworks,2167019,saladworks
Freeman Health System,3345688,answers
First-Citizens Bank & Trust Company,3065825,retail_experience
Guzman y Gomez (Holdings) Pty Ltd,2196892,gyg-answers
"Fazoli's System Management, LLC",1020432,fazolis_answers
Counter Brands LLC,3558404,answers-help-site
"Zuffa, LLC",3668711,answers-latam-us
Krispy Kreme Doughnut Corporation,2098208,krispy-kreme-us-answers-experience
Farmers Insurance,482107,farmers_agents_demo
Superdry Plc,3273939,answers
Lazard Asset Management LLC.,3488473,uk-answers
"Necco, Inc.",3071994,answers
Finance of America Mortgage LLC,3184141,foamortgage_answers_experience
Yext,919871,guides_answers
The Ranked Choice Voting Resource Center,3751731,rcvresources
Ent and Allergy Associates LLP,1745559,entandallergy_answers_experience
Atlanta Postal Federal Credit Union,2293637,apcu_answers
Vanderbilt University Medical Center,988803,answers-faqs
Yext,919871,yext-help-hh-react
Banner Bank,1696562,banner_bank_answers
"Guaranteed Rate, Inc.",3269310,originpoint
16 Handles,1018059,16handles
Telefonica (O2) UK Ltd,3799191,business-answers
RevLocal,475126,answers
Yext,919871,yext_hh_blog_directory
Jinya Holdings,3219821,jinya_jrb_answers
Club Fitness,2328680,answers
"Checkers Drive-In Restaurants, Inc",961883,checkers_answers
SKILLS DEVELOPMENT SCOTLAND,3336678,my_world_answers
"Chick-fil-A, Inc.",2192285,cfa-answers
Campbell Soup Company,2529147,pace_answers
RSM US,3551775,answers
SalonCentric,3622215,answers
Churchill Mortgage,3108019,churchill_mortgage_answers
In-Shape Health Clubs,3689501,locator-search
Optum,2411393,answers
UNC Health Care System,3498166,answers-multi-hop-test
Heartland Dental Care,358604,answers
Heritage Bank WA,2189537,heritage_answers
Bankers Life and Casualty Company,1850866,myhealthpolicy-answers
Mortgage Advice Bureau Limited,3631864,answers
Goodwill of Colorado,3387637,answers
Ent Credit Union,1044523,ent_cu_answers
Pedego Electric Bikes,3337131,pedego_answers
Cricket Wireless,3698978,mycricket-answers
Wells Park Practice,3438222,answers
The Village Bank,3434175,answers
Brixx,3040025,brixx_answers
"Maxim Healthcare Staffing Services, Inc.",3666120,maxim-staffing-answers
Advance Financial,1453952,advancefinancial
"DCC Propane, LLC",1890996,dcc-propane-answers
Cook Children's Medical Centers,2102599,cook_childrens
Farmers Insurance,482107,farmersanswers
"Guaranteed Rate, Inc.",3269310,proper-rate
"24 Hour Fitness USA, LLC.",3745089,24-hour-fitness-answers
First National Bank,1896673,answers
FirstBank,2290529,firstbank_answers
CB&S Bank,3109278,cbs_answers
Bankers Life and Casualty Company,1850866,optavise-answers
Prosperity Bank,2095877,prosperity-bank-answers
Ocean Reef Club,3621919,oceanreefclub
Advanced Urology,2058285,advancedgynecologyanswers
The Stamford Hospital,2464968,stamford
Busy Bees Holdings Limited,3060166,busy-bees-answers
"Texas Disposal Systems, Inc.",3177944,tds_answers
Eagles Landing Health,2261267,elfp_answers
Counter Brands LLC,3558404,counter-communications-helpdesk
IHA,1411982,ihaconfig
Cedars-Sinai Medical Center,3586571,cedars-sinai-answers
Northfield Bank,2074953,nbanswers
RSM US,3551775,rsm-canada
Culligan Water Company,3720782,culligan-answers-experience
J Sainsbury PLC,3141402,sainsbury-answers-recipe
"Maxim Healthcare Services, Inc.",2878435,maxim_answers_experience
Bang & Olufsen A/S,2103552,bo-site-search-en
Valley Bank,1970143,answers
Bojangles Restaurants (Active Account),770291,bojangles-answers
Police Credit Union of California,3392980,answers
Lincoln Savings Bank,2187475,lincoln_savings_bank_answers
US Patent and Trademark Office,3696476,patent-finder
"Goodwill Industries of San Francisco, San Mateo, and Marin Counties, Inc.",2020755,sfgoodwill
Showmars,3344672,answers-quickstart
Towne Bank,3147778,townebank-answers
"JPMorgan Chase Bank, N.A.",646613,jpmc-advisor-search
Onpoint Community Credit Union,2140434,answers
UC San Diego Health System,2264570,uc-san-diego-taxonomy-answers
Alpine Bank,2261063,alpine_answers
Campbell Soup Company,2529147,campbell_soup_company_answers
Famous Brands Management Company (Pty) Ltd.,2239492,wimpy_answers_experience
Broadcom Corporation,3605148,broadcom-marketing-answers
Cedars-Sinai Medical Center,3586571,find-a-doctor-development
Slack,3336279,answers-starter
Harvest Right,3617797,harvest-right-answers
Seattle Goodwill Industries Inc,2364845,seattle_goodwill_answers_experience
"Aaron's, Inc",3089660,answers
St. Luke's,1819191,answers
Advanced Urology,2058285,advancedurologyanswers
"Capital Health System, Inc.",1730189,capital_health_answers
Dunkin' Brands,2183737,dunkin-search
Baptist Health South Florida Inc,2165971,bhsf_full_config
Enphase,3753949,answers-starter
Fidelity International,3811681,fidelity-workplace-pensions-wi
Homeowners Financial Group,2506531,answers
"Bigrentz, Inc.",2270896,bigrentz_answers_experience
Philip Morris International Management SA,2072617,pmi-answers
Philip Morris International Management SA,2072617,ch-en-pmi-answers
Ally Financial Inc.,3721540,storefront
Sinclair Oil Corporation,3275801,SinclairAnswers
Zag Interactive on behalf of Coastal Credit Union,3628275,answers
"Tracfone Wireless, Inc.",1197005,totalwirelessanswers
The Cosmopolitan of Las Vegas,1823821,cosmopolitan-answers
Bank of American Forks / People's Intermountain Bank,3339375,answers
Bank7 Corp.,3530962,bank7-answers
"Guaranteed Rate, Inc.",3269310,guaranteed_rate_affinity
MedExpress,921128,medexpressanswerstemplate
Marston's PLC,1850815,answers-marstons-inns
Nobilia-Werke J. Stickling GmbH & Co. KG,3189312,answers
Sauce Advertising,3092446,answers
Pavers Limited,3344633,answer-pavers
Campbell Soup Company,2529147,v8_answers
"Main Line Health, Inc.",3557648,fad-answers-updated
"Piedmont Healthcare, Inc.",2192399,answers
Cedars-Sinai Medical Center,3586571,cedars-sinai-answers-conditions
"Leupold & Stevens, Inc.",3690001,answers
BPL Plasma,2144383,bplplasma
"PUMA North America, Inc.",1230404,puma_answers
Zag Interactive on behalf of Coastal Credit Union,3628275,faqs
Goodwill NYNJ,2366383,goodwillnynj_answers_experience
Essilor,3014396,essilorusa-answers
Nationwide Mutual Insurance Company,1996565,nationwide-site-search
Cricket Wireless,3698978,cricket-wireless-answers-spanish
Ball Horticultural Company,3357538,answers-faqs
Woworks,2167019,frutta-bowls
Bankers Life and Casualty Company,1850866,bankers-life-guided-agent-search
Irvine Orthodontics and Children's Dentistry,3214295,IrvineOrthodonticsAnswers
San Manuel Casino,1130631,yaamava-answers
Lazard Asset Management LLC.,3488473,answers-starter
Penn Mutual,3383094,penn-mutual-gateway
County of St Louis,3455579,answers
"Auditboard, Inc.",3662146,auditboard-marketing
Borrego Community Health Foundation,2012434,bhanswers
Encompass Health Corporation,1489240,answers
R2integrated,3181386,R2i_answers_experience
The Baltimore Life Insurance Company,3634394,baltimore-life-answers-experience
Singing River Health System Foundation,3391913,answers
"Guaranteed Rate, Inc.",3269310,guaranteed_rate
"Farm Journal, Inc.",3790936,farmjournal
Pavers Limited,3344633,answers-jonesbootmaker
SIINDA (Answers),3362298,answers-starter
UC San Diego Health System,2264570,ucsd_answers
Tax Defense Network,1842965,tax_defense_network_answers
Daviess Community Hospital,3330912,daviess_answers
Picture People,3087357,picturepeopleanswers
Advanced Solutions International,3519344,answers-help-site
"Tracfone Wireless, Inc.",1197005,tracfone-answers
Bankers Life and Casualty Company,1850866,answers
Trane Technologies,1308741,answers-supply
Ephrata National Bank,3413092,ephrata_national_bank_answers
Tamr,3519154,answers-help-site
Vidyard,3611572,answers-help-site
Towne Bank,3147778,townebenefits_answers
Main Street Bank,3158777,main_street_bank_answers
United Federal Credit Union,855595,unitedfcu
"Yamato Transport Co.,Ltd.",2012347,ir-answers-en-test
Publix Employees Federal Credit Union,3106188,pefcu_answers
Bankers Life and Casualty Company,1850866,washington_national_answers
Campbell Soup Company,2529147,pretzel_crisps_answers
Bell & Ross,3368554,bellrossen
Counter Brands LLC,3558404,answers-help-site-internal
"Dyson, Inc.",1520577,answers-help-site
"Lionbridge Technologies, Inc.",3389671,answers-it
Campbell Soup Company,2529147,pop-secret-answers
Booz Allen Hamilton,3778422,booz-allen-hamilton-answers
"Amedisys Holding, LLC",3792067,amedisys-answers
Towne Bank,3147778,towneinsurance-answers
"Ingersoll-Rand Industrial US, Inc.",3109138,ingersoll-rand-answers
Fidelity International,3811681,fidelity-adviser-solutions-fas
Best Friends Pet Care,1880589,answers-starter
UC San Diego Health System,2264570,uc-san-diego-main-site-answers
Memorial Health System,3208676,answers
SonderMind,3441815,sondermind-answers
"Legal & General America, Inc.",3438604,answerslgra
Neighborhood Healthcare,3117631,nh-answers
Cedars-Sinai Medical Center,3586571,find-a-doctor-production
Instituto de Empresa,3437198,ed-ieedu
First Command Financial Services,3345689,first-command-answers
"Lionbridge Technologies, Inc.",3389671,answers-ko
US Digestive Health,3041739,USDigestiveAnswers
"Physicians East, P.A.",3138171,answers
Palmetto Goodwill,3325548,answers
Achievement First,3560118,answers-internal-agent
Reachdesk,3629530,answers-help-site
Kount,3558414,kount-answers
CGH Medical Center,3179662,cghanswers
Philip Morris International Management SA,2072617,pl-en-pmi-answers
Dignity Funerals Ltd,1374746,dignityconfig
Penn National Gaming,345099,penn-national-gaming-locator
Genesis HealthCare System,2329945,answers
Campbell Soup Company,2529147,kettle_answers
Gateway Region Young Men's Christian Association,3621813,answers
Stillwater Medical Center Authority,3091579,stillwater_answers
State of Alabama Government,3167585,al-gov-doh
TRENORD SRL,3714691,trenord-answers_english
Finish Line,1107935,dtlr_answers
Penn National Gaming,345099,penn-national-gaming-answers-experience
Toyota Financial,3837857,mazda
Campbell Soup Company,2529147,plum_answers
Titus County Hospital District,3295650,answers
West Michigan Dermatology,2103988,WesternMichiganDermatologyAnswers
"Law Office of Kenneth E. Berger, LLC",449233,bergerlawscanswers
"FPMCM, LLC.",3415757,answers
Smile Brands Group,2042870,answerstemplate
Vidyard,3611572,answers-internal-only
Beacon Credit Union,3731479,answers
The Auctus Group,3297766,answers-auctus
Central England Co-operative Limited,2385918,CECoop_answers_experience
BakeMorePies/ACC,3791532,bakemorepiesacc-answers
The UPS Store,1410208,answers-locator
JVM Lending,3344267,jvm_lending_answers
Wilkes University,3222330,wilkes_university_answers
Bucknell University,3294477,answers
Nashoba Brooks School,3616392,nashoba-brooks-answers
Trane Technologies,1308741,answers
Datto Inc.,3660988,answers-starter
Bankers Life and Casualty Company,1850866,colonial_penn_answers
Benjamin F. Edwards & Co.,3396570,answers
McKesson,2012431,ontada-answers
SalesHood,3292468,answers-starter
Mercantile Bank of Michigan,3262133,mercantile_bank_answers
"Lionbridge Technologies, Inc.",3389671,answers-es
"Entrata, Inc",3644419,entrata-answers
"Main Line Health, Inc.",3557648,fad-answers
Kiddie Academy,118679,kiddie_academy_answers
"Tracfone Wireless, Inc.",1197005,straight-talk-answers
Bankers Life and Casualty Company,1850866,center-for-secure-retirement-answers
SECU,241049,secu_md_answers
LKQ Corporation - Pick Your Part,3488308,answers-starter
"Lionbridge Technologies, Inc.",3389671,answers-sv
"Mattress Warehouse, Inc.",2012273,mattresswarehouseanswers
"Envestnet Financial Technologies, Inc.",3378217,envestnet-answers-v2
"Teladoc Health, Inc.",3347622,answers-starter
"Strategic Education, Inc.",2155609,answers_sei
Compeer Financial,3697190,compeer-financial-answers
First State Bank,1817157,fsb-answers
Lima Memorial Health System,3414458,answers
Columbus City School District,3136575,answers-starter
Parker University,3337095,answers_parker_university
Ally Financial Inc.,3721540,answers
Northern Trust,2184994,northerntrust
Kiddie Academy,118679,kiddie-academy-answers-franchisee
Lazard Asset Management LLC.,3488473,au-answers
Campus Federal Credit Union,2165050,answers_campus_federal_credit_union
"Envestnet Financial Technologies, Inc.",3378217,envestnet_answers
Medical University Hospital Authority,2183686,MUSC_answers
RAW Wheels & Tires,3684573,raw-answers-experience
Sheffield Forgemasters International Ltd.,3307124,answers
Campbell Soup Company,2529147,pacific-foods-corp-answers
Thrive Global,3358994,answers-starter
"Ahold U.S.A., Inc.",1305974,stop--shop-answers
Highland Park Village,2562826,answers
Cody Regional Health,2192307,codyregional
"Lionbridge Technologies, Inc.",3389671,answers
Blue Sky Therapy,3260653,answers
The Little Beet,3207696,the_little_beet_answers
Catawba College,3344678,answers_catawba_college
"Lionbridge Technologies, Inc.",3389671,answers-fr
Alpha 1 Marketing,3069449,bravo-answers
Cedars-Sinai Medical Center,3586571,cedars-sinai-answers-research
Earl Enterprises,1323877,buca_di_beppo_answers
"Consumer Safety Technology, LLC",3097472,intoxalock_answers
Alpha 1 Marketing,3069449,ctown_answers
Yext,919871,hh-inspiration-hub
Localogy,3382926,localogy_answers
"Main Line Health, Inc.",3557648,fad-answers-1
Main Event Entertainment,2058308,main-event-answers
Texan Eye,2106747,texaneye-answers
Presidential Bank Mortgage,3112585,presidentialbankmortgageanswers
Dallas Renal Group,3177437,drganswerstemplate
"Lionbridge Technologies, Inc.",3389671,answers-ja
The Cooper Union,3348863,cooper-union-answers
AIB Group,3109072,ebs_answers
State of Alabama Government,3167585,al-gov-doh-blogs
Finish Line,1107935,JD-Sports-Answers-Experience
Aspen Dental,456800,aspen_dental_jobs
"Lionbridge Technologies, Inc.",3389671,answers-de
Cook Children's Medical Centers,2102599,cookchp
Pizza Ranch,1230727,pizza_ranch
"Lionbridge Technologies, Inc.",3389671,answers-games
Nationwide Mutual Insurance Company,1996565,nf-pre-site-search
Nationwide Mutual Insurance Company,1996565,nydscp-site-search
Yext,919871,agent-desktop-v2
Campbell Soup Company,2529147,cook_with_campbells_answers
Cedars-Sinai Medical Center,3586571,cedars-sinai-answers
Telefonica (O2) UK Ltd,3799191,consumer-answers
Cox Communications,866292,cox_business_answers
Citizens Telecom Services Company L.L.C. d/b/a Frontier Communications,3557194,frontier-communications-answers
The Mount Sinai Hospital,604061,mtsinai_full_config
Cedars-Sinai Medical Center,3586571,find-a-doctor-production
"CASIO COMPUTER CO., LTD.",3402951,casio-answers-us
Aspen Dental,456800,aspen_dental_answers
"Investors Bancorp, Inc.",3210919,investors_bancorp_answers
Altice USA,483210,optimum-answers
Hutchison 3g UK Ltd,1970093,threeconfig
Towne Bank,3147778,townebank-answers
Optum,2411393,optum_socal_plu
First Financial Bank,1828137,firstfinancial-answers
Campbell Soup Company,2529147,pretzel_crisps_answers
"Chick-fil-A, Inc.",2192285,cfa-answers
Cook Children's Medical Centers,2102599,cook_childrens
Cricket Wireless,3698978,cricket-wireless-answers
"Samsung SDS America, Inc.",3470691,samsung-support-answers
"AutoZone Parts, Inc.",762154,AutoZone_Answers_Experience
IHA,1411982,ihaconfig
First-Citizens Bank & Trust Company,3065825,retail_experience
"Dyson, Inc.",1520577,answers-help-site
Alpha 1 Marketing,3069449,ctown_answers
Cox Communications,866292,cox_residential_answers
"Ahold U.S.A., Inc.",1305974,stop--shop-answers
Medical University Hospital Authority,2183686,MUSC_answers
"Legal & General America, Inc.",3438604,answers-starter
RAW Wheels & Tires,3684573,raw-answers-experience
"Tracfone Wireless, Inc.",1197005,totalwirelessanswers
Jinya Holdings,3219821,jinya_jrb_answers
"Romeo's Pizza Franchise, LLC",1852330,romeosanswersconfig
Asda Stores Limited,2479739,asda-answers
Counter Brands LLC,3558404,answers-help-site
"Chick-fil-A, Inc.",2192285,cfa-answers
"Dyson, Inc.",1520577,answers-help-site
Reachdesk,3629530,answers-help-site
Altice USA,483210,optimum-answers
J Sainsbury PLC,3141402,sainsburys-answers
The UPS Store,1410208,answers
Citizens Bank,1049031,citizensconfig
Cricket Wireless,3698978,cricket-wireless-answers
"AutoZone Parts, Inc.",762154,AutoZone_Answers_Experience
SKILLS DEVELOPMENT SCOTLAND,3336678,my_world_answers
Cox Communications,866292,cox_residential_answers
"Snowflake, Inc.",3691113,summit-2022-search
"Auditboard, Inc.",3662146,auditboard
Counter Brands LLC,3558404,counter-communications-helpdesk
Lulu,3621850,answers-help-site
Tamr,3519154,answers-help-site
Homebase,3072268,homebase-help-answers
"Samsung SDS America, Inc.",3470691,samsung-support-answers
Aventri,3617418,answers-help-site
Outreach Corporation,3622208,answers-help-site
Altice USA,483210,kdb-answers
Kaseya,3573245,answers-help-site
Nationwide Building Society,2021999,nationwide-uk-answers
Yext,919871,yextanswersconfig